{
    "9.832248112655694": -1.678903225,
    "10.65160212204367": -2.23733185,
    "11.470956131431643": -2.635015,
    "12.290310140819617": -2.9146225,
    "13.109664150207593": -3.1065435,
    "13.929018159595566": -3.232815,
    "14.748372168983542": -3.30963325,
    "15.567726178371515": -3.34917875,
    "16.38708018775949": -3.36069425,
    "17.206434197147466": -3.3512135,
    "18.02578820653544": -3.3260965,
    "18.845142215923413": -3.28942725,
    "19.664496225311392": -3.24431425,
    "20.483850234699364": -3.193118,
    "21.30320424408734": -3.13760625,
    "22.122558253475315": -3.079091
}