{
    "volume": 13.286014046052916,
    "scale": 0.9283177667225558
}