{
    "volume": 22.420148702714297,
    "scale": 1.105209449592116
}