{
    "volume": 21.58977282483599,
    "scale": 1.091392883061106
}