{
    "9.868402060596484": -2.60183725,
    "10.690768898979526": -2.876963,
    "11.513135737362564": -3.0423655,
    "12.335502575745606": -3.30505125,
    "13.157869414128648": -3.498911,
    "13.980236252511686": -3.617159,
    "14.802603090894728": -3.694527,
    "15.624969929277766": -3.73470125,
    "16.447336767660808": -3.746148,
    "17.269703606043848": -3.73706675,
    "18.09207044442689": -3.713573,
    "18.914437282809928": -3.6794065,
    "19.73680412119297": -3.636538,
    "20.559170959576008": -3.58679375,
    "21.38153779795905": -3.532168,
    "22.20390463634209": -3.4743955
}