{
    "volume": 11.530202341641093,
    "scale": 0.8879040017426006
}