{
    "volume": 19.76606115709902,
    "scale": 1.0626585691826111
}