{
    "volume": 9.964510534539686,
    "scale": 0.8434326653017492
}