{
    "volume": 21.38153779795905,
    "scale": 1.091392883061106
}