{
    "volume": 12.424156555490757,
    "scale": 0.9085602964160698
}