{
    "volume": 12.335502575745606,
    "scale": 0.9085602964160698
}