{
    "volume": 14.824545867824263,
    "scale": 0.9654893846056297
}