{
    "volume": 9.868402060596484,
    "scale": 0.8434326653017492
}