{
    "type": "eos",
    "skip": false,
    "vol_start": 0.6,
    "vol_end": 1.4,
    "vol_step": 0.05,
    "cal_setting": {
        "etol": 0,
        "ftol": 1e-10,
        "relax_pos": true,
        "relax_shape": false,
        "relax_vol": false
    },
    "reproduce": false,
    "vol_abs": false,
    "cal_type": "relaxation",
    "scale2equi": [
        0.8434326653017492,
        0.8662391053409028,
        0.8879040017426006,
        0.9085602964160698,
        0.9283177667225558,
        0.9472682371859096,
        0.9654893846056297,
        0.9830475724915585,
        1.0,
        1.0163963568148535,
        1.0322801154563672,
        1.0476895531716472,
        1.0626585691826111,
        1.077217345015942,
        1.091392883061106,
        1.105209449592116
    ]
}