{
    "volume": 19.664496225311392,
    "scale": 1.0626585691826111
}