{
    "volume": 20.58964703864481,
    "scale": 1.077217345015942
}