{
    "[1, 1, 1]_task.000000": [
        0.7388589288106674,
        -3.2308410000000003,
        -3.36069425
    ],
    "[1, 1, 0]_task.000001": [
        0.9079203470866238,
        -3.197838375,
        -3.36069425
    ],
    "[1, 0, 0]_task.000002": [
        0.8240780116134442,
        -3.221331166666667,
        -3.36069425
    ],
    "[2, 2, 1]_task.000003": [
        0.8653787321880825,
        -3.1960531875,
        -3.36069425
    ],
    "[2, 1, 1]_task.000004": [
        0.885490189126895,
        -3.22314125,
        -3.36069425
    ],
    "[2, 1, 0]_task.000005": [
        0.9647963329324774,
        -3.17827525,
        -3.36069425
    ]
}