{
    "volume": 19.050373385085827,
    "scale": 1.0476895531716472
}