{
    "volume": 17.39381917768706,
    "scale": 1.0163963568148535
}