{
    "volume": 15.624969929277766,
    "scale": 0.9830475724915585
}