{
    "[1, 1, 1]_task.000000": [
        0.8212094366409042,
        -3.6014682000000002,
        -3.746148
    ],
    "[1, 1, 0]_task.000001": [
        1.025441909968498,
        -3.561761375,
        -3.746148
    ],
    "[1, 0, 0]_task.000002": [
        0.9393183476763506,
        -3.586907,
        -3.746148
    ],
    "[2, 2, 1]_task.000003": [
        0.962309926451225,
        -3.5626169375,
        -3.746148
    ],
    "[2, 1, 1]_task.000004": [
        0.980617528907566,
        -3.593444625,
        -3.746148
    ],
    "[2, 1, 0]_task.000005": [
        1.086133312340773,
        -3.5402840833333333,
        -3.746148
    ]
}