{
    "volume": 11.595879451791372,
    "scale": 0.8879040017426006
}