{
    "volume": 10.65160212204367,
    "scale": 0.8662391053409028
}