{
    "volume": 14.080710762889524,
    "scale": 0.9472682371859096
}