{
    "volume": 18.845142215923413,
    "scale": 1.0476895531716472
}