{
    "9.883030578549509": -2.1549758275,
    "10.7066164600953": -2.6817692825,
    "11.530202341641093": -3.055865435,
    "12.353788223186886": -3.3209006425,
    "13.177374104732678": -3.5034383825,
    "14.00095998627847": -3.623439195,
    "14.824545867824263": -3.69647412,
    "15.648131749370055": -3.735463,
    "16.471717630915848": -3.7467921875,
    "17.29530351246164": -3.737695625,
    "18.118889394007432": -3.7124334175,
    "18.942475275553225": -3.6772126525,
    "19.76606115709902": -3.6335948475,
    "20.58964703864481": -3.584068625,
    "21.4132329201906": -3.53194611,
    "22.236818801736394": -3.4755550425
}