{
    "volume": 20.706927592484593,
    "scale": 1.077217345015942
}