{
    "volume": 18.02578820653544,
    "scale": 1.0322801154563672
}