{
    "volume": 12.353788223186886,
    "scale": 0.9085602964160698
}