{
    "volume": 21.4132329201906,
    "scale": 1.091392883061106
}