{
    "volume": 19.098645191201065,
    "scale": 1.0476895531716472
}