{
    "volume": 17.269703606043848,
    "scale": 1.0163963568148535
}