{
    "volume": 13.929018159595566,
    "scale": 0.9472682371859096
}