{
    "elastic_tensor": [
        [
            120.2538378000004,
            59.0996778000002,
            59.0996778000002,
            0.0,
            0.0,
            0.0
        ],
        [
            59.0996778000002,
            120.2538378000004,
            59.0996778000002,
            0.0,
            0.0,
            0.0
        ],
        [
            59.0996778000002,
            59.0996778000002,
            120.2538378000004,
            0.0,
            0.0,
            0.0
        ],
        [
            0.0,
            0.0,
            0.0,
            33.908154,
            0.0,
            0.0
        ],
        [
            0.0,
            0.0,
            0.0,
            0.0,
            33.908154,
            0.0
        ],
        [
            0.0,
            0.0,
            0.0,
            0.0,
            0.0,
            33.908154
        ]
    ],
    "BV": 79.48439780000027,
    "GV": 32.575724400000034,
    "EV": 85.98107065715821,
    "uV": 0.3197108006162732
}