{
    "volume": 14.00095998627847,
    "scale": 0.9472682371859096
}