{
    "volume": 14.908987866588909,
    "scale": 0.9654893846056297
}