{
    "[1, 1, 1]_task.000000": [
        0.8670413546596522,
        -3.2062454000000002,
        -3.35999
    ],
    "[1, 1, 0]_task.000001": [
        1.2055597881645774,
        -3.141810875,
        -3.35999
    ],
    "[1, 0, 0]_task.000002": [
        1.1414682844250001,
        -3.1652245000000003,
        -3.35999
    ],
    "[2, 2, 1]_task.000003": [
        1.0688274489131542,
        -3.154822625,
        -3.35999
    ],
    "[2, 1, 1]_task.000004": [
        1.1047048445948036,
        -3.1868484375,
        -3.35999
    ],
    "[2, 1, 0]_task.000005": [
        1.300637439523603,
        -3.111871333333333,
        -3.35999
    ]
}