{
    "volume": 13.25243365919014,
    "scale": 0.9283177667225558
}