{
    "volume": 18.942475275553225,
    "scale": 1.0476895531716472
}