{
    "volume": 20.559170959576008,
    "scale": 1.077217345015942
}