{
    "volume": 14.116389923931221,
    "scale": 0.9472682371859096
}