{
    "[1, 1, 1]_task.000000": [
        0.840808539454024,
        -3.598513174,
        -3.7467922775
    ],
    "[1, 1, 0]_task.000001": [
        0.9979283947486853,
        -3.56717562375,
        -3.7467922775
    ],
    "[1, 0, 0]_task.000002": [
        0.932351917401717,
        -3.5885761216666663,
        -3.7467922775
    ],
    "[2, 2, 1]_task.000003": [
        0.9663282206424246,
        -3.56231276375,
        -3.7467922775
    ],
    "[2, 1, 1]_task.000004": [
        0.9600720715660881,
        -3.597140565625,
        -3.7467922775
    ],
    "[2, 1, 0]_task.000005": [
        1.0645379450201298,
        -3.5448221624999996,
        -3.7467922775
    ]
}