{
    "volume": 18.26826931332276,
    "scale": 1.0322801154563672
}