{
    "volume": 10.76760234809199,
    "scale": 0.8662391053409028
}