{
    "volume": 12.455638168174609,
    "scale": 0.9085602964160698
}