{
    "elastic_tensor": [
        [
            105.07120960000039,
            69.89957660000024,
            69.89957660000024,
            0.0,
            0.0,
            0.0
        ],
        [
            69.89957660000024,
            105.07120960000039,
            69.89957660000024,
            0.0,
            0.0,
            0.0
        ],
        [
            69.89957660000024,
            69.89957660000024,
            105.07120960000039,
            0.0,
            0.0,
            0.0
        ],
        [
            0.0,
            0.0,
            0.0,
            44.15495839999999,
            0.0,
            0.0
        ],
        [
            0.0,
            0.0,
            0.0,
            0.0,
            44.15495839999999,
            0.0
        ],
        [
            0.0,
            0.0,
            0.0,
            0.0,
            0.0,
            44.15495839999999
        ]
    ],
    "BV": 81.62345426666695,
    "GV": 33.52730164000003,
    "EV": 88.46887274869243,
    "uV": 0.31935569552582027
}