{
    "volume": 17.206434197147466,
    "scale": 1.0163963568148535
}