{
    "volume": 14.748372168983542,
    "scale": 0.9654893846056297
}