{
    "volume": 14.802603090894728,
    "scale": 0.9654893846056297
}