{
    "elastic_tensor": [
        [
            112.79797620000038,
            61.260700600000206,
            61.260700600000206,
            0.0,
            0.0,
            0.0
        ],
        [
            61.260700600000206,
            112.79797620000038,
            61.260700600000206,
            0.0,
            0.0,
            0.0
        ],
        [
            61.260700600000206,
            61.260700600000206,
            112.79797620000038,
            0.0,
            0.0,
            0.0
        ],
        [
            0.0,
            0.0,
            0.0,
            44.59212780000001,
            0.0,
            0.0
        ],
        [
            0.0,
            0.0,
            0.0,
            0.0,
            44.59212780000001,
            0.0
        ],
        [
            0.0,
            0.0,
            0.0,
            0.0,
            0.0,
            44.59212780000001
        ]
    ],
    "BV": 78.43979246666692,
    "GV": 37.06273180000005,
    "EV": 96.05894084822508,
    "uV": 0.29589666199706516
}