{
    "volume": 18.914437282809928,
    "scale": 1.0476895531716472
}