{
    "volume": 18.118889394007432,
    "scale": 1.0322801154563672
}