{
    "volume": 22.236818801736394,
    "scale": 1.105209449592116
}