{
    "volume": 18.222096281386445,
    "scale": 1.0322801154563672
}