{
    "volume": 22.20390463634209,
    "scale": 1.105209449592116
}