{
    "volume": 15.648131749370055,
    "scale": 0.9830475724915585
}