{
    "volume": 22.122558253475315,
    "scale": 1.105209449592116
}