{
    "volume": 11.470956131431643,
    "scale": 0.8879040017426006
}