{
    "volume": 17.43789343544445,
    "scale": 1.0163963568148535
}