{
    "elastic_tensor": [
        [
            140.62992000000048,
            49.843360000000175,
            49.843360000000175,
            0.0,
            0.0,
            0.0
        ],
        [
            49.84340000000019,
            140.6299400000005,
            49.84340000000019,
            0.0,
            0.0,
            0.0
        ],
        [
            49.843440000000186,
            49.843440000000186,
            140.62996000000044,
            0.0,
            0.0,
            0.0
        ],
        [
            1.999999999971863e-05,
            0.0,
            0.0,
            40.13761,
            0.0,
            0.0
        ],
        [
            0.0,
            -1.0000000000218825e-05,
            0.0,
            0.0,
            40.137600000000006,
            0.0
        ],
        [
            0.0,
            0.0,
            0.0,
            0.0,
            0.0,
            40.137620000000005
        ]
    ],
    "BV": 80.10558000000027,
    "GV": 42.2398793333334,
    "EV": 107.77609942386381,
    "uV": 0.27576239711003186
}