{
    "volume": 9.939325244392604,
    "scale": 0.8434326653017492
}