{
    "volume": 17.29530351246164,
    "scale": 1.0163963568148535
}