{
    "volume": 19.878650488785212,
    "scale": 1.0626585691826111
}