{
    "volume": 10.690768898979526,
    "scale": 0.8662391053409028
}