{
    "volume": 19.929021069079376,
    "scale": 1.0626585691826111
}