{
    "volume": 10.7066164600953,
    "scale": 0.8662391053409028
}