{
    "volume": 18.09207044442689,
    "scale": 1.0322801154563672
}