{
    "volume": 10.794886412417995,
    "scale": 0.8662391053409028
}