{
    "9.964510534539686": -1.542389675,
    "10.794886412417995": -2.17156695,
    "11.6252622902963": -2.6061735,
    "12.455638168174609": -2.903707,
    "13.286014046052916": -3.10330325,
    "14.116389923931221": -3.23212025,
    "14.94676580180953": -3.30932175,
    "15.777141679687835": -3.3486285,
    "16.607517557566144": -3.35999,
    "17.43789343544445": -3.3511145,
    "18.26826931332276": -3.3290445,
    "19.098645191201065": -3.298923,
    "19.929021069079376": -3.26421675,
    "20.75939694695768": -3.22724075,
    "21.58977282483599": -3.18951625,
    "22.420148702714297": -3.1520185
}