{
    "volume": 11.6252622902963,
    "scale": 0.8879040017426006
}