{
    "volume": 13.109664150207593,
    "scale": 0.9283177667225558
}