{
    "volume": 13.980236252511686,
    "scale": 0.9472682371859096
}