{
    "elastic_tensor": [
        [
            115.47701249780033,
            61.100332729200254,
            61.100332729200254,
            0.0,
            0.0,
            0.0
        ],
        [
            62.56730613660025,
            116.94838735240036,
            62.56730613660025,
            0.0,
            0.0,
            0.0
        ],
        [
            62.11939308080025,
            62.11939308080025,
            116.49720220660033,
            0.0,
            0.0,
            0.0
        ],
        [
            0.21458567979999965,
            0.21396740690000043,
            0.21387090560000047,
            19.2901277061,
            0.0,
            0.0
        ],
        [
            -0.020867878500000107,
            -0.020228192900000223,
            -0.020626347999999326,
            0.0,
            19.279557615700003,
            0.0
        ],
        [
            0.08270783450000022,
            0.08261244000000048,
            0.0813327259999998,
            0.0,
            0.0,
            19.283603862899998
        ]
    ],
    "BV": 80.05518510555584,
    "GV": 22.514299867726685,
    "EV": 61.75379524063092,
    "uV": 0.3714349458663917
}