{
    "volume": 19.73680412119297,
    "scale": 1.0626585691826111
}