{
    "volume": 14.94676580180953,
    "scale": 0.9654893846056297
}