{
    "volume": 21.30320424408734,
    "scale": 1.091392883061106
}