{
    "volume": 11.513135737362564,
    "scale": 0.8879040017426006
}