{
    "volume": 12.290310140819617,
    "scale": 0.9085602964160698
}