{
    "volume": 20.483850234699364,
    "scale": 1.077217345015942
}