{
    "volume": 21.53520469618398,
    "scale": 1.091392883061106
}