{
    "volume": 20.75939694695768,
    "scale": 1.077217345015942
}