{
    "volume": 22.363481799883363,
    "scale": 1.105209449592116
}