{
    "volume": 15.73726497028829,
    "scale": 0.9830475724915585
}