{
    "volume": 15.777141679687835,
    "scale": 0.9830475724915585
}