{
    "[1, 1, 1]_task.000000": [
        0.8240548675561784,
        -1883.0477276000001,
        -1883.1936040737826
    ],
    "[1, 1, 0]_task.000001": [
        0.9788206861610818,
        -1883.0167575,
        -1883.1936040737826
    ],
    "[1, 0, 0]_task.000002": [
        0.9025851759988038,
        -1883.0398575,
        -1883.1936040737826
    ],
    "[2, 2, 1]_task.000003": [
        0.9333969904033276,
        -1883.014734625,
        -1883.1936040737826
    ],
    "[2, 1, 1]_task.000004": [
        0.9445672361219026,
        -1883.04581,
        -1883.1936040737826
    ],
    "[2, 1, 0]_task.000005": [
        1.0442770662154794,
        -1882.9947255,
        -1883.1936040737826
    ]
}