{
    "volume": 9.883030578549509,
    "scale": 0.8434326653017492
}