{
    "volume": 13.157869414128648,
    "scale": 0.9283177667225558
}