{
    "9.939325244392604": -1881.625548075,
    "10.76760234809199": -1882.1451604,
    "11.595879451791372": -1882.517226925,
    "12.424156555490757": -1882.779009275,
    "13.25243365919014": -1882.95827685,
    "14.080710762889524": -1883.0736232,
    "14.908987866588909": -1883.14542385,
    "15.73726497028829": -1883.18262365,
    "16.565542073987675": -1883.193605825,
    "17.39381917768706": -1883.18433825,
    "18.222096281386445": -1883.1573271,
    "19.050373385085827": -1883.1220351,
    "19.878650488785212": -1883.0786568,
    "20.706927592484593": -1883.029043775,
    "21.53520469618398": -1882.975467375,
    "22.363481799883363": -1882.91879145
}