{
    "volume": 9.832248112655694,
    "scale": 0.8434326653017492
}