{
    "volume": 13.177374104732678,
    "scale": 0.9283177667225558
}