{
    "volume": 15.567726178371515,
    "scale": 0.9830475724915585
}